,term,frequency,overall,rank
11,admission permission,30,93,0.43834172414010264
877,permission medieval,1,93,0.321450597702742
1165,sql learn,2,93,0.1315025172420308
878,permission museum,1,93,0.11689112643736072
841,observational experimental,1,93,0.11689112643736072
454,epoch movement,1,93,0.11689112643736072
342,department normally,7,93,0.10227973563269062
883,permission special,2,93,0.10227973563269062
1107,senior four,1,93,0.10227973563269062
455,equation modeling,1,93,0.08766834482802054
